{"glyphs":{"ο":{"x_min":0,"x_max":712,"ha":815,"o":"m 356 -25 q 96 88 192 -25 q 0 368 0 201 q 92 642 0 533 q 356 761 192 761 q 617 644 517 761 q 712 368 712 533 q 619 91 712 201 q 356 -25 520 -25 m 356 85 q 527 175 465 85 q 583 369 583 255 q 528 562 583 484 q 356 651 466 651 q 189 560 250 651 q 135 369 135 481 q 187 177 135 257 q 356 85 250 85 "},"0":{"x_min":73,"x_max":715,"ha":792,"o":"m 394 -29 q 153 129 242 -29 q 73 479 73 272 q 152 829 73 687 q 394 989 241 989 q 634 829 545 989 q 715 479 715 684 q 635 129 715 270 q 394 -29 546 -29 m 394 89 q 546 211 489 89 q 598 479 598 322 q 548 748 598 640 q 394 871 491 871 q 241 748 298 871 q 190 479 190 637 q 239 211 190 319 q 394 89 296 89 "},
"/":{"x_min":183.25,"x_max":608.328125,"ha":792,"o":"m 608 1041 l 266 -129 l 183 -129 l 520 1041 l 608 1041 "},
" ":{"x_min":0,"x_max":0,"ha":375},
"T":{"x_min":0,"x_max":777,"ha":835,"o":"m 777 894 l 458 894 l 458 0 l 319 0 l 319 894 l 0 894 l 0 1013 l 777 1013 l 777 894 "},
"1":{"x_min":215.671875,"x_max":574,"ha":792,"o":"m 574 0 l 442 0 l 442 697 l 215 697 l 215 796 q 386 833 330 796 q 475 986 447 875 l 574 986 l 574 0 "},
"2":{"x_min":59,"x_max":731,"ha":792,"o":"m 731 0 l 59 0 q 197 314 59 188 q 457 487 199 315 q 598 691 598 580 q 543 819 598 772 q 411 867 488 867 q 272 811 328 867 q 209 630 209 747 l 81 630 q 182 901 81 805 q 408 986 271 986 q 629 909 536 986 q 731 694 731 826 q 613 449 731 541 q 378 316 495 383 q 201 122 235 234 l 731 122 l 731 0 "},
"3":{"x_min":54,"x_max":737,"ha":792,"o":"m 737 284 q 635 55 737 141 q 399 -25 541 -25 q 156 52 248 -25 q 54 308 54 140 l 185 308 q 245 147 185 202 q 395 96 302 96 q 539 140 484 96 q 602 280 602 190 q 510 429 602 390 q 324 454 451 454 l 324 565 q 487 584 441 565 q 565 719 565 617 q 515 835 565 791 q 395 879 466 879 q 255 824 307 879 q 203 661 203 769 l 78 661 q 166 909 78 822 q 387 992 250 992 q 603 921 513 992 q 701 723 701 844 q 669 607 701 656 q 578 524 637 558 q 696 434 655 499 q 737 284 737 369 "},
"4":{"x_min":48,"x_max":742.453125,"ha":792,"o":"m 742 243 l 602 243 l 602 0 l 476 0 l 476 243 l 48 243 l 48 368 l 476 958 l 602 958 l 602 354 l 742 354 l 742 243 m 476 354 l 476 792 l 162 354 l 476 354 "},
"5":{"x_min":54.171875,"x_max":738,"ha":792,"o":"m 738 314 q 626 60 738 153 q 382 -23 526 -23 q 155 47 248 -23 q 54 256 54 125 l 183 256 q 259 132 204 174 q 382 91 314 91 q 533 149 471 91 q 602 314 602 213 q 538 469 602 411 q 386 528 475 528 q 284 506 332 528 q 197 439 237 484 l 81 439 l 159 958 l 684 958 l 684 840 l 254 840 l 214 579 q 306 627 258 612 q 407 643 354 643 q 636 552 540 643 q 738 314 738 457 "},
"6":{"x_min":53,"x_max":739,"ha":792,"o":"m 739 312 q 633 62 739 162 q 400 -31 534 -31 q 162 78 257 -31 q 53 439 53 206 q 178 859 53 712 q 441 986 284 986 q 643 912 559 986 q 732 713 732 833 l 601 713 q 544 830 594 786 q 426 875 494 875 q 268 793 331 875 q 193 517 193 697 q 301 597 240 570 q 427 624 362 624 q 643 540 552 624 q 739 312 739 451 m 603 298 q 540 461 603 400 q 404 516 484 516 q 268 461 323 516 q 207 300 207 401 q 269 137 207 198 q 405 83 325 83 q 541 137 486 83 q 603 298 603 197 "},
"7":{"x_min":58.71875,"x_max":730.953125,"ha":792,"o":"m 730 839 q 469 448 560 641 q 335 0 378 255 l 192 0 q 328 441 235 252 q 593 830 421 630 l 58 830 l 58 958 l 730 958 l 730 839 "},
"8":{"x_min":55,"x_max":736,"ha":792,"o":"m 571 527 q 694 424 652 491 q 736 280 736 358 q 648 71 736 158 q 395 -26 551 -26 q 142 69 238 -26 q 55 279 55 157 q 96 425 55 359 q 220 527 138 491 q 120 615 153 562 q 88 726 88 668 q 171 904 88 827 q 395 986 261 986 q 618 905 529 986 q 702 727 702 830 q 670 616 702 667 q 571 527 638 565 m 394 565 q 519 610 475 565 q 563 717 563 655 q 521 823 563 781 q 392 872 474 872 q 265 824 312 872 q 224 720 224 783 q 265 613 224 656 q 394 565 312 565 m 395 91 q 545 150 488 91 q 597 280 597 204 q 546 408 597 355 q 395 465 492 465 q 244 408 299 465 q 194 280 194 356 q 244 150 194 203 q 395 91 299 91 "},
"9":{"x_min":53,"x_max":739,"ha":792,"o":"m 739 524 q 619 94 739 241 q 362 -32 516 -32 q 150 47 242 -32 q 59 244 59 126 l 191 244 q 246 129 191 176 q 373 82 301 82 q 526 161 466 82 q 597 440 597 255 q 363 334 501 334 q 130 432 216 334 q 53 650 53 521 q 134 880 53 786 q 383 986 226 986 q 659 841 566 986 q 739 524 739 719 m 388 449 q 535 514 480 449 q 585 658 585 573 q 535 805 585 744 q 388 873 480 873 q 242 809 294 873 q 191 658 191 745 q 239 514 191 572 q 388 449 292 449 "},"η":{"x_min":0.78125,"x_max":697,"ha":810,"o":"m 697 -278 l 572 -278 l 572 454 q 540 587 572 536 q 425 650 501 650 q 271 579 337 650 q 206 420 206 509 l 206 0 l 81 0 l 81 489 q 73 588 81 562 q 0 644 56 644 l 0 741 q 68 755 38 755 q 158 720 124 755 q 200 630 193 686 q 297 726 234 692 q 434 761 359 761 q 620 692 544 761 q 697 516 697 624 l 697 -278 "}},"cssFontWeight":"normal","ascender":1189,"underlinePosition":-100,"cssFontStyle":"normal","boundingBox":{"yMin":-334,"xMin":-111,"yMax":1189,"xMax":1672},"resolution":1000,"original_font_information":{"postscript_name":"Helvetiker-Regular","version_string":"Version 1.00 2004 initial release","vendor_url":"http://www.magenta.gr/","full_font_name":"Helvetiker","font_family_name":"Helvetiker","copyright":"Copyright (c) Μagenta ltd, 2004","description":"","trademark":"","designer":"","designer_url":"","unique_font_identifier":"Μagenta ltd:Helvetiker:22-10-104","license_url":"http://www.ellak.gr/fonts/MgOpen/license.html","license_description":"Copyright (c) 2004 by MAGENTA Ltd. All Rights Reserved.\r\n\r\nPermission is hereby granted, free of charge, to any person obtaining a copy of the fonts accompanying this license (\"Fonts\") and associated documentation files (the \"Font Software\"), to reproduce and distribute the Font Software, including without limitation the rights to use, copy, merge, publish, distribute, and/or sell copies of the Font Software, and to permit persons to whom the Font Software is furnished to do so, subject to the following conditions: \r\n\r\nThe above copyright and this permission notice shall be included in all copies of one or more of the Font Software typefaces.\r\n\r\nThe Font Software may be modified, altered, or added to, and in particular the designs of glyphs or characters in the Fonts may be modified and additional glyphs or characters may be added to the Fonts, only if the fonts are renamed to names not containing the word \"MgOpen\", or if the modifications are accepted for inclusion in the Font Software itself by the each appointed Administrator.\r\n\r\nThis License becomes null and void to the extent applicable to Fonts or Font Software that has been modified and is distributed under the \"MgOpen\" name.\r\n\r\nThe Font Software may be sold as part of a larger software package but no copy of one or more of the Font Software typefaces may be sold by itself. \r\n\r\nTHE FONT SOFTWARE IS PROVIDED \"AS IS\", WITHOUT WARRANTY OF ANY KIND, EXPRESS OR IMPLIED, INCLUDING BUT NOT LIMITED TO ANY WARRANTIES OF MERCHANTABILITY, FITNESS FOR A PARTICULAR PURPOSE AND NONINFRINGEMENT OF COPYRIGHT, PATENT, TRADEMARK, OR OTHER RIGHT. IN NO EVENT SHALL MAGENTA OR PERSONS OR BODIES IN CHARGE OF ADMINISTRATION AND MAINTENANCE OF THE FONT SOFTWARE BE LIABLE FOR ANY CLAIM, DAMAGES OR OTHER LIABILITY, INCLUDING ANY GENERAL, SPECIAL, INDIRECT, INCIDENTAL, OR CONSEQUENTIAL DAMAGES, WHETHER IN AN ACTION OF CONTRACT, TORT OR OTHERWISE, ARISING FROM, OUT OF THE USE OR INABILITY TO USE THE FONT SOFTWARE OR FROM OTHER DEALINGS IN THE FONT SOFTWARE.","manufacturer_name":"Μagenta ltd","font_sub_family_name":"Regular"},"descender":-334,"familyName":"Helvetiker","lineHeight":1522,"underlineThickness":50}